<?xml version="1.0" encoding="utf-8"?>
<VisualState xmlns:xsi="http://www.w3.org/2001/XMLSchema-instance" xmlns:xsd="http://www.w3.org/2001/XMLSchema" ShowCheckBoxes="false">
  <TopNode>[0-1000]D:\Nachiket\Study Materials\Developer Tools For .NET\Nunit-NCover\Projects\FirstDemo.nunit</TopNode>
  <SelectedNode>[0-1015]CallingProtectedMethodTest.SampleTest.TestMultiplyNumbers</SelectedNode>
  <ExcludeCategories>false</ExcludeCategories>
  <Nodes>
    <Node UniqueName="[0-1000]D:\Nachiket\Study Materials\Developer Tools For .NET\Nunit-NCover\Projects\FirstDemo.nunit" Expanded="true" />
    <Node UniqueName="[0-1007]D:\Nachiket\Study Materials\Developer Tools For .NET\Nunit-NCover\Projects\..\Demo01\CalculatorTest\bin\Debug\CalculatorTest.dll" Expanded="true" />
    <Node UniqueName="[0-1008]CalculatorTest" Expanded="true" />
    <Node UniqueName="[0-1001]CalculatorTest.CalculatorTest" Expanded="true" />
    <Node UniqueName="[0-1011]D:\Nachiket\Study Materials\Developer Tools For .NET\Nunit-NCover\Projects\..\Practice\CallingPrivateMethodTest\bin\Debug\CallingPrivateMethodTest.dll" Expanded="true" />
    <Node UniqueName="[0-1012]CallingPrivateMethodTest" Expanded="true" />
    <Node UniqueName="[0-1009]CallingPrivateMethodTest.SampleTest" Expanded="true" />
    <Node UniqueName="[0-1016]D:\Nachiket\Study Materials\Developer Tools For .NET\Nunit-NCover\Projects\..\Practice\CallingProtectedMethodTest\bin\Debug\CallingProtectedMethodTest.dll" Expanded="true" />
    <Node UniqueName="[0-1017]CallingProtectedMethodTest" Expanded="true" />
    <Node UniqueName="[0-1013]CallingProtectedMethodTest.SampleTest" Expanded="true" />
  </Nodes>
</VisualState>